{
  "version": "2020.1",
  "applications": [],
  "platforms": [
    {
      "name": "SF3-Tester-Plat"
    },
    {
      "name": "SF3-Tester-SRECplat"
    }
  ],
  "systems": [
    {
      "name": "SF3-Tester-App_system",
      "platform": "W:/wa/Vitis-Workspace-SF3-Tester/SF3-Tester-Plat/export/SF3-Tester-Plat/SF3-Tester-Plat.xpfm",
      "sysConfig": "SF3-Tester-Plat",
      "applications": [
        {
          "name": "SF3-Tester-App",
          "platform": "W:/wa/Vitis-Workspace-SF3-Tester/SF3-Tester-Plat/export/SF3-Tester-Plat/SF3-Tester-Plat.xpfm",
          "platformPath": "W:\\wa\\Vitis-Workspace-SF3-Tester\\SF3-Tester-Plat\\export\\SF3-Tester-Plat",
          "sysConfig": "SF3-Tester-Plat",
          "domain": "freertos10_xilinx_domain",
          "system": "SF3-Tester-App_system"
        }
      ],
      "platformPath": "W:\\wa\\Vitis-Workspace-SF3-Tester\\SF3-Tester-Plat\\export\\SF3-Tester-Plat"
    },
    {
      "name": "SF3-Tester-SRECboot_system",
      "platform": "W:/wa/Vitis-Workspace-SF3-Tester/SF3-Tester-SRECplat/export/SF3-Tester-SRECplat/SF3-Tester-SRECplat.xpfm",
      "sysConfig": "SF3-Tester-SRECplat",
      "applications": [
        {
          "name": "SF3-Tester-SRECboot",
          "platform": "W:/wa/Vitis-Workspace-SF3-Tester/SF3-Tester-SRECplat/export/SF3-Tester-SRECplat/SF3-Tester-SRECplat.xpfm",
          "platformPath": "W:\\wa\\Vitis-Workspace-SF3-Tester\\SF3-Tester-SRECplat\\export\\SF3-Tester-SRECplat",
          "sysConfig": "SF3-Tester-SRECplat",
          "domain": "standalone_domain",
          "system": "SF3-Tester-SRECboot_system"
        }
      ],
      "platformPath": "W:\\wa\\Vitis-Workspace-SF3-Tester\\SF3-Tester-SRECplat\\export\\SF3-Tester-SRECplat"
    }
  ],
  "others": []
}